filename,n_gt,n_pred,tp,fp,fn,loc,category
0094_jpg.rf.604f1ce16f7cf6faa63c24925f5eb090.jpg,2,0,0,0,2,0,false_negative
0114_jpg.rf.7d28b3cf35e22b7436518923eaefd163.jpg,1,1,1,0,0,0,true_positive
0124_jpg.rf.3c39dfe4c07ee58c12916e77e77833b8.jpg,1,1,1,0,0,0,true_positive
0124_jpg.rf.a31cb0873562b2ea0a568a00f8191b85.jpg,2,0,0,0,2,0,false_negative
0128_jpg.rf.4b9525897603621404345cbac7d977ca.jpg,2,1,1,0,1,0,false_negative
0137_jpg.rf.979ab01e8d6d2929d2c8d0c168ada89b.jpg,1,0,0,0,1,0,false_negative
0137_jpg.rf.bd99ec327b337a137cbd37ee1e89b168.jpg,1,1,1,0,0,0,true_positive
0137_jpg.rf.f266ec77f41a72eed5c3bdc5156b542b.jpg,1,0,0,0,1,0,false_negative
0137_jpg.rf.fd40ea82f33ab20c7593d40a7826d314.jpg,1,0,0,0,1,0,false_negative
0184_jpg.rf.dc5b7914ec6572bba8226ab75394c3e0.jpg,2,3,2,1,0,0,false_positive
1019_jpg.rf.67e200b061f44a6cb2712e395a9c572e.jpg,8,1,1,0,7,0,false_negative
1026_jpg.rf.8edbee8d3d0404e86fc62b94d41c1cc9.jpg,2,2,2,0,0,0,true_positive
1032_jpg.rf.8f6f319c57a84d123ae9056fcee76029.jpg,3,3,1,2,2,0,mixed_error
1049_jpg.rf.eb005e453a7ef39480e7af9e9564abde.jpg,2,1,1,0,1,0,false_negative
1073_jpg.rf.80ecea38e3e9b750fab7eb1660549be1.jpg,3,3,1,2,2,0,mixed_error
1128_jpg.rf.5e1b24d0c34b73b6040ed8c35405a4bf.jpg,1,1,1,0,0,0,true_positive
1150_jpg.rf.9559d060bfb86b991d24876f863a2af9.jpg,4,2,2,0,2,0,false_negative
1230_jpg.rf.40c9c200a7b8fef604b49ccb3f1b90dc.jpg,2,2,2,0,0,0,true_positive
1255_jpg.rf.cb3487a23c5d5c8c29ebac9122bf013c.jpg,1,2,1,1,0,0,false_positive
139_jpg.rf.f23855c93dcfdf90aaa6a4d51e288f76.jpg,11,2,1,0,9,1,localization
14_jpg.rf.3bf7b742def9cd304d60890f7a206bea.jpg,3,5,2,2,0,1,localization
14_jpg.rf.d5da2ccd7ec6ab036416aa1daaf85d76.jpg,2,2,2,0,0,0,true_positive
18_jpg.rf.7832694619571ad060717286a41554f7.jpg,4,4,3,0,0,1,localization
23_jpg.rf.564bbbdf2aa2c0c18b4d9dbe9597946d.jpg,1,1,0,0,0,1,localization
23_jpg.rf.840868d7b1ad70914bee41118289766c.jpg,1,1,1,0,0,0,true_positive
23_jpg.rf.ce2a9e75fa08011e3f4d9fea1e0343f5.jpg,1,1,1,0,0,0,true_positive
242310582_2918658941734185_8281041456771551880_n_jpg.rf.9e9d8b331fac9a59167a60954924f3a9.jpg,2,2,2,0,0,0,true_positive
242310582_2918658941734185_8281041456771551880_n_jpg.rf.9f9607e278531828eff7eaa0ed70d67c.jpg,2,2,2,0,0,0,true_positive
280eed04632df1e0_jpg.rf.66c3c00852375e96f638c9b4d65e41b2.jpg,1,2,0,1,0,1,localization
33-750417-chemical-factory-fire_jpg.rf.36dd912ca7e52fd96f82a6518ea2b58f.jpg,6,4,2,0,2,2,localization
33-750417-chemical-factory-fire_jpg.rf.a650b2e602b93d04433ee54f57eba067.jpg,6,3,2,0,3,1,localization
418_jpg.rf.9779fcee7e4b6c203ccf3137bc05060e.jpg,2,1,0,0,1,1,localization
449_jpg.rf.0e08c3ebb2c71edc6b6640e6f7e22497.jpg,1,1,1,0,0,0,true_positive
479_jpg.rf.76eecfc760546635a7d24434a46e2a12.jpg,2,2,2,0,0,0,true_positive
497_jpg.rf.8169dea9572f0d45c2c5361f518a5242.jpg,4,4,1,2,2,1,localization
506_jpg.rf.92f4ebec9fb9fccf6e69c044c12c0c62.jpg,8,2,0,0,6,2,localization
5519b8308fbeff5c_jpg.rf.233b97e3f44bb1b6a5736ec5ec89d1ef.jpg,1,1,1,0,0,0,true_positive
58_jpg.rf.1bf1203ad5453935f9f660a23e4111a6.jpg,1,1,1,0,0,0,true_positive
60_jpg.rf.518772e457a50ffd64087a179eb74eb8.jpg,1,1,1,0,0,0,true_positive
60_jpg.rf.ba242bf63374b53ab959c37fe46bb79f.jpg,1,2,0,1,0,1,localization
628_jpg.rf.3fbe3fc42ced2409f4afb118dbaa859e.jpg,2,1,1,0,1,0,false_negative
628_jpg.rf.4737aed8b501c5224b789aec7f58c059.jpg,2,2,1,1,1,0,mixed_error
66_jpg.rf.52948f4f0078eabd1f4473c20411383d.jpg,1,2,1,1,0,0,false_positive
6_jpg.rf.7323b2d3d934b474f6335165c58f978f.jpg,1,1,1,0,0,0,true_positive
70_jpg.rf.b3f09a613c63fcd8307573ce33baa29c.jpg,1,1,1,0,0,0,true_positive
745_jpg.rf.fa08b62dcacfe2e15514841841f6b707.jpg,2,3,1,1,0,1,localization
85df28e55d674dee_jpg.rf.dff67f0ae62e5f977d2a7dd2685e0cd7.jpg,1,2,1,1,0,0,false_positive
87_jpg.rf.d5485f8ba190e0133c4227536d2d4d8f.jpg,1,1,1,0,0,0,true_positive
9169470465df9d2b_jpg.rf.be4f27a48032e676d512253fe2cdc4cb.jpg,1,1,1,0,0,0,true_positive
93ec0e86-d250-42f4-abd4-0e6be4bbcfdd-Burningn_Man_7_jpg.rf.371d894195256fd909dc1420d1752ef5.jpg,2,1,0,0,1,1,localization
953_jpg.rf.9fc7f70d9fadfbbc710124326404772c.jpg,2,3,1,1,0,1,localization
977_jpg.rf.12eaf6608cb21d6289ce3b95df155de9.jpg,1,3,1,2,0,0,false_positive
ck0kcnqqgk6li0848vp3bn5sx_jpeg_jpg.rf.1ee72ec1f7c71a721859797bacc49fe5.jpg,1,1,1,0,0,0,true_positive
ck0kcouioj11m0a46yjyp0zlc_jpeg_jpg.rf.f157fa004d94fbf6d026850ab291e66c.jpg,1,2,0,1,0,1,localization
ck0kdgpnj8gvt0701oaod540q_jpeg_jpg.rf.6616bd1a246cad1ae8208cb31d269521.jpg,1,1,1,0,0,0,true_positive
ck0kdhizwj37t0a461n7bsvun_jpeg_jpg.rf.471cdb8c9997230c41577cfb0ec60886.jpg,1,2,0,1,0,1,localization
ck0keprw9ke1d08483vmle7ed_jpeg_jpg.rf.3baf2a1e46568094b09fa66ce09c3c3e.jpg,1,1,1,0,0,0,true_positive
ck0khubxx5khq0794ja58vgv5_jpeg_jpg.rf.8e47c57033667044b1d2d5c154c34a2c.jpg,1,1,1,0,0,0,true_positive
ck0kkz639le090848leseakdk_jpeg_jpg.rf.22a4d1379838312d5859cc4787253b99.jpg,1,1,1,0,0,0,true_positive
ck0kkzh767dc70838hdq9sv4u_jpeg_jpg.rf.92159e5a7b24390354d6eeebadadc88e.jpg,1,1,1,0,0,0,true_positive
ck0kmem9m68vr07947lx0jam1_jpeg_jpg.rf.f0f76901415424cdf93579be42455cb5.jpg,1,1,1,0,0,0,true_positive
ck0kmfd7ibcib0721v08q1jv0_jpeg_jpg.rf.ae71ba4cd5a2bcc650d2ca1b20cd9396.jpg,1,1,1,0,0,0,true_positive
ck0knae84lryw08485s94co4s_jpeg_jpg.rf.01a6335f933867be008276d7e58a5d32.jpg,1,2,1,1,0,0,false_positive
ck0knw1mc96cu09446iq0ugae_jpeg_jpg.rf.6b6a80e5fd82abc52ccaa125c03b3511.jpg,1,2,1,1,0,0,false_positive
ck0l8di4xoje408487bsrbpj9_jpeg_jpg.rf.92c6519de01731f1ff34bd8dc6d316f7.jpg,1,1,0,0,0,1,localization
ck0l8e146nb1h0a46oop6lane_jpeg_jpg.rf.753bb23ada663cb73b40308387f3881f.jpg,1,1,1,0,0,0,true_positive
ck0l9434gamzj0838n5rjdp1a_jpeg_jpg.rf.b0049d71381f75bdaa8414618f73a459.jpg,1,2,1,1,0,0,false_positive
ck0lwgsmatsrm0848br00vfki_jpeg_jpg.rf.76871c142e39fa43cbac0873ebc7c17d.jpg,1,1,0,0,0,1,localization
ck0lwhatvfrid08386w2352zc_jpeg_jpg.rf.53c68a26c3dccd4b81a34ac87db3cb94.jpg,1,2,1,1,0,0,false_positive
ck0lwj354jo7n07218v6vgpvi_jpeg_jpg.rf.0bc61f4e2e8c46a95ccce56ff4b56ddb.jpg,1,1,1,0,0,0,true_positive
ck0lwj354jo7n07218v6vgpvi_jpeg_jpg.rf.6bd3df1fdc8178651a984d7c6d332e3b.jpg,1,1,1,0,0,0,true_positive
ck0lxgqhheq2b08638gu6tna1_jpeg_jpg.rf.26f9985aa3191838f8adb176aad964bf.jpg,1,1,1,0,0,0,true_positive
ck0lxhbtdewio0794g9qrp7o9_jpeg_jpg.rf.55b741e9ba4dd7ce0e78a889ac692e59.jpg,1,1,1,0,0,0,true_positive
ck0lxi2vsiexh0701c7jcu934_jpeg_jpg.rf.451ad643e23f3df3f21a678378cd5589.jpg,1,0,0,0,1,0,false_negative
ck0m1lu0nhb320863zyoofeiw_jpeg_jpg.rf.e6b8202653ba85c5ee35c7e0f035cbd4.jpg,1,1,1,0,0,0,true_positive
ck0m1maf2vnl30a46vnjvga3r_jpeg_jpg.rf.0bab426e6ddf532b9c6a7795bceb27a1.jpg,1,1,1,0,0,0,true_positive
ck0m1n0c1hbus0863ti6kd58t_jpeg_jpg.rf.4d3ebd49e7075b1a787bc239d94c395b.jpg,1,1,0,1,1,0,mixed_error
ck0ncvnd332hj079400vhocib_jpeg_jpg.rf.b833b3db26ba7b67760e32238b201be4.jpg,1,1,1,0,0,0,true_positive
ck0ncwmnt6hyp07016zypssxs_jpeg_jpg.rf.79bd1085656b88dc0ea8b9eff8882394.jpg,1,1,0,0,0,1,localization
ck0ndwu8pj3180848zonjasmz_jpeg_jpg.rf.c7bb92fea2ac782db1db85e1d73841c8.jpg,1,2,1,1,0,0,false_positive
ck0ndxwjf3icx0794m3hlih4u_jpeg_jpg.rf.4b50953b6a8f3d2e23282a0d77f25752.jpg,1,1,0,0,0,1,localization
ck0oukw23toun0944nstsyx8g_jpeg_jpg.rf.25c0c9c2db68f8c2ca30115bf7e8aab3.jpg,1,1,1,0,0,0,true_positive
ck0oulkapr2bj0794zz57fbjp_jpeg_jpg.rf.d23fee42945b51ac819ed179883c3e77.jpg,1,1,1,0,0,0,true_positive
ck0qb9do2fwc708385reizk6h_jpeg_jpg.rf.ebf1d1799516e31f0270eb58b34fce43.jpg,1,1,1,0,0,0,true_positive
ck0qbaubof1z40863w0scvpra_jpeg_jpg.rf.b771dc5e858cf2c443949f2ac19f62f2.jpg,1,1,1,0,0,0,true_positive
ck0qc86fnk6ox0721cb5kg3tl_jpeg_jpg.rf.26a24e04ffd0e6b3afd257943d05e017.jpg,1,2,1,1,0,0,false_positive
ck0qc8qkohujb0701aq2988oa_jpeg_jpg.rf.2c748635bb1ed2f67857ea78bec357dd.jpg,1,1,0,1,1,0,mixed_error
ck0qd50hwi1k10944i25e7al9_jpeg_jpg.rf.298883bd20a98532871e82d49c99734a.jpg,1,1,1,0,0,0,true_positive
ck0rp95tf2vg70794wbjk2kk3_jpeg_jpg.rf.3cb7e08c9135cb2556d69459b333670c.jpg,1,2,1,1,0,0,false_positive
ck0rp9iochje10a46pq920puz_jpeg_jpg.rf.220f7da45c52d9e8808f36cd8c83582e.jpg,1,1,1,0,0,0,true_positive
ck0rqkhjb4o7k0863lhsglv38_jpeg_jpg.rf.f8621636c2c048d267116e68ea21f547.jpg,1,1,1,0,0,0,true_positive
ck0rql046icek0a462kapdu97_jpeg_jpg.rf.0ccb1002bd78bbe304d45f2a914a8b8a.jpg,1,1,1,0,0,0,true_positive
ck0rqlovu6jid0944lyedc9vj_jpeg_jpg.rf.e9fcf60ddf8a7055089feba2d7b1d4c2.jpg,1,1,1,0,0,0,true_positive
ck0t20os6mrcb0944xrc0wamx_jpeg_jpg.rf.3cd4955ca1a34c5baa2ede2cef1f5ae2.jpg,1,1,1,0,0,0,true_positive
ck0t235u3msgt0944a7jzn8hp_jpeg_jpg.rf.2055e4a0b778b318875972d4b2a65f17.jpg,1,2,1,1,0,0,false_positive
ck0t3r291z3xb0a46a6hx1rak_jpeg_jpg.rf.d970eeb089245f8ded0551f0f3b9a915.jpg,1,1,0,0,0,1,localization
ck0t3s74cnfks070126deykt2_jpeg_jpg.rf.f4e6512669278b166a10a8827d42dfe9.jpg,1,2,1,1,0,0,false_positive
ck0t3zt3lnd7u0944gqvvuxtw_jpeg_jpg.rf.f46e5140fb49e138719bd76540816e37.jpg,1,1,0,1,1,0,mixed_error
ck0t59c0wnw4607010uyziiam_jpeg_jpg.rf.52fe31a842aa2a116876b86b8ca9674b.jpg,1,1,1,0,0,0,true_positive
ck0t5n2jlkxuc07940mygjo8f_jpeg_jpg.rf.e5ce629c5717361cf268e25b67fa65f5.jpg,1,0,0,0,1,0,false_negative
ck0t74gx40b5u0a46s72no2dg_jpeg_jpg.rf.46756644bf90514e747df824d671aeb8.jpg,1,1,1,0,0,0,true_positive
ck0t765i5mk8j0863od0a5ghy_jpeg_jpg.rf.c72250707172ce9433bedc7a9e03eb1a.jpg,1,2,1,1,0,0,false_positive
ck0tsz3b0624008481fmfbt28_jpeg_jpg.rf.e013e3958bd6774c42f33d018522aa95.jpg,1,1,1,0,0,0,true_positive
ck0twzs19s8ld08632qx4gg12_jpeg_jpg.rf.0b6d40baad7ab7a34190a2a621229dc7.jpg,1,1,1,0,0,0,true_positive
ck0txvj9m6otr0848fayj9tte_jpeg_jpg.rf.33cb0075e32b68d9b00d8b235d7adb95.jpg,1,1,1,0,0,0,true_positive
ck0txvtlisck20863fbb7u1gc_jpeg_jpg.rf.c3e138018a99811b80d14e6d90055b00.jpg,1,0,0,0,1,0,false_negative
ck0txwk8k6owz0848gejqchq8_jpeg_jpg.rf.01f04baaa9b70b90ef2cff4e0752ee4e.jpg,1,1,1,0,0,0,true_positive
ck0tyt8nmui9l0701fr3lsu7s_jpeg_jpg.rf.2545522ca1b5fdef1cbf4d083d15dc32.jpg,1,1,1,0,0,0,true_positive
ck0tyucu3uekj0944f3usafki_jpeg_jpg.rf.78855595c23db1f28183add84a3ffbfc.jpg,1,0,0,0,1,0,false_negative
ck0tyvz1p6ssd0848z1brl0fl_jpeg_jpg.rf.7e76593243f7ef2f7179f6f1be64cbee.jpg,1,1,1,0,0,0,true_positive
ck0tzu01r69vw0a464th4yn43_jpeg_jpg.rf.ad63364d0faf27a8768c4cad20cc0465.jpg,1,1,0,0,0,1,localization
ck0tzuao2wuuv0721d9vb3uvm_jpeg_jpg.rf.146c854629b61be05124da034f9b18cf.jpg,1,1,1,0,0,0,true_positive
ck0u0hs5pwywo0721zyjfy75h_jpeg_jpg.rf.58d4d378dc204ce31d8e32ceffb5abd5.jpg,1,1,1,0,0,0,true_positive
ck0u0ihp7sq1z086335c6h592_jpeg_jpg.rf.ff1bf0aaec222ec8d0f636d5a9937f47.jpg,1,1,1,0,0,0,true_positive
ck0u14y7arp5c0794llhscme5_jpeg_jpg.rf.147e545a5e7c1fae3002f52a35de3f01.jpg,1,1,0,0,0,1,localization
ck0u97a47vo2h0944rwxehqpl_jpeg_jpg.rf.fe7a7ebc6294b95fa65601fa83fdf4a2.jpg,1,2,1,1,0,0,false_positive
ck0ujo3wrv2130838pn66pvj4_jpeg_jpg.rf.6969533085e9141faf3fe14bed31e98d.jpg,1,1,1,0,0,0,true_positive
ck0ujoiltwezp0944u48gk6wn_jpeg_jpg.rf.19ca1c865956837266ae5edf17e9291d.jpg,1,1,1,0,0,0,true_positive
ck0ujvtjvyrjx0721f1bk9yvy_jpeg_jpg.rf.26690173fcb7d9a0c4eb7ae2693b95e1.jpg,1,1,1,0,0,0,true_positive
ck0ukjmceuk3t0863k4o3i8g4_jpeg_jpg.rf.784cf9e68762d3b5db925ca879316dc2.jpg,1,1,0,0,0,1,localization
ck0ukk30lwlt9070113ad7m2j_jpeg_jpg.rf.bdffda94e49a5b0de90ed79880f585f2.jpg,1,1,1,0,0,0,true_positive
ezgif-frame-116_jpg.rf.1dadcbb7b5498f2ef2ecbd1f037e1dfa.jpg,1,1,1,0,0,0,true_positive
ezgif-frame-122_jpg.rf.1e68313ea11206743c3057ecf880292e.jpg,1,1,1,0,0,0,true_positive
fire1-101-_jpg.rf.e0af275591fc12191d554fdf0c2cc04e.jpg,1,1,1,0,0,0,true_positive
fire1-1036-_jpg.rf.cc37b4daf4c0a0dee9c3b225d6ec35b9.jpg,3,1,1,0,2,0,false_negative
fire1-1065-_jpg.rf.8f6abcb547709d12dd7480cccabe73fb.jpg,2,2,0,1,1,1,localization
fire1-1065-_jpg.rf.b4215d64ef2c520fb0895d58cf5ace46.jpg,2,2,0,1,1,1,localization
fire1-1071-_jpg.rf.80ce0b229638b06d5609f8430a67d819.jpg,1,1,1,0,0,0,true_positive
fire1-1076-_jpg.rf.e3de13f217d0c6fa336007ea2007c259.jpg,7,4,3,0,3,1,localization
fire1-1201-_jpg.rf.03356d05fe813114ec71fe38f233ea09.jpg,1,1,1,0,0,0,true_positive
fire1-1211-_jpg.rf.6b969d6042a9268f42de8335404b5c2c.jpg,3,4,2,1,0,1,localization
fire1-1228-_jpg.rf.079e8a8429d17ae5304eae8b116605df.jpg,5,3,1,0,2,2,localization
fire1-1236-_jpg.rf.5ca23d205a9858e09090daa887e39de0.jpg,5,5,5,0,0,0,true_positive
fire1-1307-_jpg.rf.dfaea710c50cfe88c5d08ed06452d954.jpg,1,1,1,0,0,0,true_positive
fire1-1354-_jpg.rf.17319ce548269f754a8c8ad207d1850d.jpg,3,3,3,0,0,0,true_positive
fire1-1360-_jpg.rf.daa9dc9751f611ed4443958534370788.jpg,5,3,2,0,2,1,localization
fire1-1413-_jpg.rf.ed94001f4a73a587f2a5da24ff49f5c5.jpg,6,1,0,1,6,0,mixed_error
fire1-15-_jpg.rf.7446f9d66dc55f3c4bd9f66ca1ecce3e.jpg,4,1,1,0,3,0,false_negative
fire1-15-_jpg.rf.dba5a94bfb8987ef393dfba07349af18.jpg,4,2,2,0,2,0,false_negative
fire1-1521-_jpg.rf.f164493e3d4104a64307266f0f7ad91e.jpg,1,2,1,1,0,0,false_positive
fire1-1523-_jpg.rf.82df673f0448e72a1f95a4493d0d804b.jpg,3,4,3,1,0,0,false_positive
fire1-1531-_jpg.rf.8d374b85fb655d0677de8ed9a0585cd9.jpg,1,1,1,0,0,0,true_positive
fire1-198-_jpg.rf.d08ed34abc623b389bd5cdd77f7de61b.jpg,2,3,2,1,0,0,false_positive
fire1-215-_jpg.rf.2bfc8810851e6f5e538b9be96f95d95b.jpg,2,2,2,0,0,0,true_positive
fire1-29-_jpg.rf.7b77f24cda5588485f410c410d9ab9a7.jpg,4,3,1,1,2,1,localization
fire1-310-_jpg.rf.7840d0479a9f0b2e990f5d2105e32bb7.jpg,1,1,1,0,0,0,true_positive
fire1-329-_jpg.rf.128197ad3813a34fad5f4aaddc8995ea.jpg,1,1,1,0,0,0,true_positive
fire1-343-_jpg.rf.e40887c3e4b9eccd780fc7bd8336646d.jpg,1,1,1,0,0,0,true_positive
fire1-351-_jpg.rf.b3395500f64f464618adb2418370942c.jpg,2,2,2,0,0,0,true_positive
fire1-369-_jpg.rf.96efb7221ea70a62fc713dbf249d8783.jpg,1,1,1,0,0,0,true_positive
fire1-370-_jpg.rf.c639958bb42e8a40a6e6447b0a5f3f41.jpg,1,1,1,0,0,0,true_positive
fire1-490-_jpg.rf.17209d60ab2aecbcdc1b2ee9714e3dbf.jpg,1,1,1,0,0,0,true_positive
fire1-5-_jpg.rf.0d31a883a90859e54225e7b063ebb40c.jpg,2,1,1,0,1,0,false_negative
fire1-5-_jpg.rf.ea7e387d89afd53a6d0a2bc735647b16.jpg,2,1,1,0,1,0,false_negative
fire1-505-_jpg.rf.db1e4ef9a5cdb06d5057078e0f3ba1ca.jpg,1,1,1,0,0,0,true_positive
fire1-519-_jpg.rf.1d2f8e1c50da8b071da6522aabf0ffa8.jpg,2,1,1,0,1,0,false_negative
fire1-53-_jpg.rf.6eb90eb8b3cea17f087f1c5e332a3283.jpg,1,1,1,0,0,0,true_positive
fire1-550-_jpg.rf.7283dd2309d964e8ccb57e0a20bdf7f6.jpg,1,1,1,0,0,0,true_positive
fire1-551-_jpg.rf.d6ffccd632e059613944c6f00a9956cb.jpg,1,1,1,0,0,0,true_positive
fire1-555-_jpg.rf.ca3a3ee267635b8b932a87c06f73c496.jpg,1,1,1,0,0,0,true_positive
fire1-586-_jpg.rf.d8bd8fee9d96563b0886eabb7c15cf89.jpg,2,1,0,0,1,1,localization
fire1-588-_jpg.rf.6b69b42102a7ac6d05fd904929796244.jpg,4,2,0,1,3,1,localization
fire1-59-_jpg.rf.d0e31e40d63bd5820f9dd4ca4ea09e7e.jpg,1,1,1,0,0,0,true_positive
fire1-590-_jpg.rf.2cb2ade7baa43426aa20567c4f292ede.jpg,2,1,1,0,1,0,false_negative
fire1-590-_jpg.rf.88d2480a95d0b34f5038c259079f3351.jpg,2,1,1,0,1,0,false_negative
fire1-591-_jpg.rf.07ddafd4e7af3f93c59e0a24a55ec679.jpg,2,1,1,0,1,0,false_negative
fire1-592-_jpg.rf.02c99458b97565111bf9d2ce6d141d49.jpg,1,1,1,0,0,0,true_positive
fire1-593-_jpg.rf.8f010256afd65cd61c68144e3b10830c.jpg,2,1,1,0,1,0,false_negative
fire1-594-_jpg.rf.64707df39031f719a08d6d6147197352.jpg,4,2,1,0,2,1,localization
fire1-594-_jpg.rf.ea6cd9bfa0059ec9b3856c41d603ed7f.jpg,4,1,1,0,3,0,false_negative
fire1-631-_jpg.rf.afa054117f9e8e3860e2a56cd9f5fce9.jpg,8,1,1,0,7,0,false_negative
fire1-64-_jpg.rf.d4182611f5980620e050206ba1b8551d.jpg,1,1,1,0,0,0,true_positive
fire1-65-_jpg.rf.32389a2e740d996db90bc306d40a803e.jpg,1,1,1,0,0,0,true_positive
fire1-686-_jpg.rf.36a8e9764353783277eae6bc07db9dd1.jpg,7,1,0,0,6,1,localization
fire1-69-_jpg.rf.fa1301af7a40447f311d9b006dd39587.jpg,1,1,1,0,0,0,true_positive
fire1-70-_jpg.rf.b704b8dec649e298d7eaf5e12461ea84.jpg,1,1,1,0,0,0,true_positive
fire1-72-_jpg.rf.29f639019a8e120bca77a231c1ef90c3.jpg,1,1,1,0,0,0,true_positive
fire1-72-_jpg.rf.42808a5d93cc87ac835c1d229aa319af.jpg,1,1,1,0,0,0,true_positive
fire1-745-_jpg.rf.701de59bb8b2923804c2251d25ae9e99.jpg,8,2,0,1,7,1,localization
fire1-745-_jpg.rf.a7ce059863a190f7605eb82abc616afa.jpg,8,2,0,1,7,1,localization
fire1-75-_jpg.rf.08e1ed6124f3f33993b3b1d33624cf83.jpg,1,1,1,0,0,0,true_positive
fire1-76-_jpg.rf.a6405b2ca9287de8632035b9854ee7ca.jpg,1,1,1,0,0,0,true_positive
fire1-76-_jpg.rf.da60b30b1baddbf35daf250409431454.jpg,1,1,1,0,0,0,true_positive
fire1-770-_jpg.rf.59c69578dae5368282459985d2998ea2.jpg,1,1,0,0,0,1,localization
fire1-781-_jpg.rf.10703f0d7ed55a0e4b9808f00d011078.jpg,8,5,3,0,3,2,localization
fire1-81-_jpg.rf.5ccf4b2fa8a395471e0d699f0504d970.jpg,1,1,1,0,0,0,true_positive
fire1-831-_jpg.rf.284b37c7b35cb8d6f3700d3c02c937aa.jpg,1,1,1,0,0,0,true_positive
fire1-832-_jpg.rf.7940a5f8c2691ccefd9da0ca102e5ef9.jpg,1,1,1,0,0,0,true_positive
fire1-832-_jpg.rf.8fda3c4f40b1a38853e9903bca10c9be.jpg,1,1,1,0,0,0,true_positive
fire1-833-_jpg.rf.6b93e33727c0249fdad27ce756374863.jpg,1,1,1,0,0,0,true_positive
fire1-838-_jpg.rf.e5ef2580ccbbdb329d80ccfe47b01b58.jpg,2,1,1,0,1,0,false_negative
fire1-839-_jpg.rf.b0b9218151ffdc859a4090911598f6c2.jpg,1,1,1,0,0,0,true_positive
fire1-849-_jpg.rf.7d2215b71137c7f1882c3c8ff538b7d3.jpg,1,2,1,1,0,0,false_positive
fire1-852-_jpg.rf.cdaa814b6d0c3c2efe7b5e479326f2a2.jpg,1,3,0,2,0,1,localization
fire1-852-_jpg.rf.ef2df98e7208b76a57d35db516079854.jpg,1,1,1,0,0,0,true_positive
fire1-859-_jpg.rf.6cb63fb83bb9894d9f4163e610c9229a.jpg,1,1,1,0,0,0,true_positive
fire1-86-_jpg.rf.03a520126e724f77043e80d6a516257f.jpg,1,1,1,0,0,0,true_positive
fire1-87-_jpg.rf.97966b3d9190bdd70c1653c09e86e675.jpg,1,1,1,0,0,0,true_positive
fire1-89-_jpg.rf.3765ff81b1da59732ccd6e12c77bc52b.jpg,1,1,1,0,0,0,true_positive
fire1-9-_jpg.rf.25843210d93dd5ae3b73fabfdb6134d7.jpg,4,4,3,1,1,0,mixed_error
fire1-90-_jpg.rf.0824cfed5683bc06d448b4785d643500.jpg,1,1,1,0,0,0,true_positive
fire1-92-_jpg.rf.b061ae41a534d65031e836dcb5d89fc1.jpg,1,1,1,0,0,0,true_positive
fire1-921-_jpg.rf.0e30cfbc901ac1a161eb73c09e02a449.jpg,1,2,1,1,0,0,false_positive
fire1-926-_jpg.rf.327b1d856496a576d92f22d7b2203f9b.jpg,1,1,1,0,0,0,true_positive
fire1-94-_jpg.rf.3d3585569c2368c4256375eaf3b1bc00.jpg,1,1,1,0,0,0,true_positive
fire1-948-_jpg.rf.3e57745cf6166930fe5ba959b617e7da.jpg,7,6,4,1,2,1,localization
fire1-956-_jpg.rf.ca9f28f349fe9849dbf6e2c42c50e606.jpg,1,1,1,0,0,0,true_positive
fire1-97-_jpg.rf.69f37aa66e645a2e6c9a6f11a0034c83.jpg,1,1,1,0,0,0,true_positive
fire1-972-_jpg.rf.b096c8b57eb0d39220d594169fcd1a3f.jpg,2,4,2,2,0,0,false_positive
fire1-976-_jpg.rf.89352bb70beee330bc31d8bbe78c520f.jpg,4,4,3,1,1,0,mixed_error
Img_100_jpg.rf.6a8394ec78eca4592a880fdf632f206f.jpg,0,0,0,0,0,0,true_negative
Img_100_jpg.rf.c6b38a554dae142b3e1f8ac497f00da3.jpg,0,0,0,0,0,0,true_negative
Img_100_jpg.rf.e7f438194e6aa05abd1e4bcad326e10b.jpg,0,0,0,0,0,0,true_negative
Img_102_jpg.rf.6b88401bf5617c3820589781a8846e86.jpg,0,0,0,0,0,0,true_negative
Img_102_jpg.rf.bc5a58d5d30f6b2c347d60fed2a3f592.jpg,0,0,0,0,0,0,true_negative
Img_102_jpg.rf.c9d671fbeb0c44e003d55e20bda31da9.jpg,0,0,0,0,0,0,true_negative
Img_103_jpg.rf.41fbef3ea2517aa66ecb9c89a7be3d57.jpg,0,0,0,0,0,0,true_negative
Img_103_jpg.rf.5a8b8a5f2abd319d926bccdd8c6193d5.jpg,0,0,0,0,0,0,true_negative
Img_103_jpg.rf.e2a7b3cabff0bcd9ebd180d8b5e0f0e2.jpg,0,0,0,0,0,0,true_negative
Img_104_jpg.rf.22be67dc85ba212174532717e89f51f0.jpg,0,0,0,0,0,0,true_negative
Img_104_jpg.rf.7cee8e3ad4c38ed3eb85742ccbeebbcc.jpg,0,0,0,0,0,0,true_negative
Img_105_jpg.rf.4f1d458bab8851f0e9b8649f8e06d9ac.jpg,0,0,0,0,0,0,true_negative
Img_105_jpg.rf.5f235463a86a550e56e90dfb93838551.jpg,0,0,0,0,0,0,true_negative
Img_106_jpg.rf.5b8ef6af4dfdb4f153a2e63ed5e64e21.jpg,0,0,0,0,0,0,true_negative
Img_106_jpg.rf.6aff94f25d8e4ce62d7141bcd9827b35.jpg,0,0,0,0,0,0,true_negative
Img_109_jpg.rf.1850ca7b30a304ca7fc19fde6b5140bd.jpg,0,0,0,0,0,0,true_negative
Img_111_jpg.rf.4b88b65cdb72c5310aabeee09a86da17.jpg,0,0,0,0,0,0,true_negative
Img_113_jpg.rf.11afd675d03180f1e137cac5689405ea.jpg,0,0,0,0,0,0,true_negative
Img_113_jpg.rf.6928c19a7eb131580cbfa7571b308936.jpg,0,0,0,0,0,0,true_negative
Img_113_jpg.rf.f762fbfe2f690b8971084727e0ad8908.jpg,0,0,0,0,0,0,true_negative
Img_114_jpg.rf.9b8e48bd0ca8b6e4c21e36eeeb17d945.jpg,0,0,0,0,0,0,true_negative
Img_115_jpg.rf.536600b19101856b5c382a84e341c38b.jpg,0,0,0,0,0,0,true_negative
Img_115_jpg.rf.c500560c97b80276d63934a1415f2a65.jpg,0,0,0,0,0,0,true_negative
Img_116_jpg.rf.ac0d170267028dba0e4f084a69b96c40.jpg,0,0,0,0,0,0,true_negative
Img_117_jpg.rf.3087c12f1d12c09796a7720a3ea6947c.jpg,0,0,0,0,0,0,true_negative
Img_117_jpg.rf.777ff439da9639608fbc1d5ce4633ca3.jpg,0,0,0,0,0,0,true_negative
Img_118_jpg.rf.baa87e56ace02ce6de3df893cbdfcd01.jpg,0,0,0,0,0,0,true_negative
Img_119_jpg.rf.e7b06a03f1453de97cbf939970f1507c.jpg,0,0,0,0,0,0,true_negative
Img_121_jpg.rf.1d95bcd92a259c15f9c2ea45057bc6de.jpg,0,0,0,0,0,0,true_negative
Img_121_jpg.rf.a1096b4ee0b72c3b0b7ceafd820ed970.jpg,0,0,0,0,0,0,true_negative
Img_121_jpg.rf.fbc7d0974ef5626c0be01b9c904a4873.jpg,0,0,0,0,0,0,true_negative
Img_122_jpg.rf.19034926943d5b1f431476181237f0ce.jpg,0,0,0,0,0,0,true_negative
Img_122_jpg.rf.cb3a9afb015edeaa1a43b0ea09dad605.jpg,0,0,0,0,0,0,true_negative
Img_1237_jpg.rf.0ec3d706a13557fb1909dfc20415c1c2.jpg,0,0,0,0,0,0,true_negative
Img_1237_jpg.rf.0fdfafd05cfe70724f912ab5afce48bd.jpg,0,0,0,0,0,0,true_negative
Img_1237_jpg.rf.2e12d65a37bf58bca142fc9f26099f46.jpg,0,0,0,0,0,0,true_negative
Img_123_jpg.rf.28f501c2de7b2327d73c50f279cb5ace.jpg,0,0,0,0,0,0,true_negative
Img_123_jpg.rf.4d143963d0beb4de3e46e047bb068858.jpg,0,0,0,0,0,0,true_negative
Img_1248_jpg.rf.3e03565dc64efaa85fe9dd5b5c691ecd.jpg,0,0,0,0,0,0,true_negative
Img_1248_jpg.rf.4cd6643457aecfeaba996c01f91dd72d.jpg,0,0,0,0,0,0,true_negative
Img_1248_jpg.rf.6d4b7bc04ba0a5ad237cd303e585395b.jpg,0,0,0,0,0,0,true_negative
Img_124_jpg.rf.1182ffc0235c4b6b3d508aa70b80c1e2.jpg,0,0,0,0,0,0,true_negative
Img_124_jpg.rf.56d2e1f009c0947fcc53e2f2cd38e30e.jpg,0,0,0,0,0,0,true_negative
Img_1250_jpg.rf.288e048d9eed3b246faf510a26d5c46b.jpg,0,0,0,0,0,0,true_negative
Img_1250_jpg.rf.85ce9d99153107425940d9fb8a605c66.jpg,0,0,0,0,0,0,true_negative
Img_125_jpg.rf.d4fb07bd87c21a7edc68df957534cbe0.jpg,0,0,0,0,0,0,true_negative
Img_1268_jpg.rf.e954ed1c467d1cfa9c220e234b8bf65b.jpg,0,0,0,0,0,0,true_negative
Img_126_jpg.rf.7bb345ac834fa9ad479eda81eec050b4.jpg,0,0,0,0,0,0,true_negative
Img_1270_jpg.rf.e43fffc54303673cb729e8d43a436a8a.jpg,0,0,0,0,0,0,true_negative
Img_1274_jpg.rf.d02e831a6bb99ce69e9112d2f46302ce.jpg,0,0,0,0,0,0,true_negative
Img_127_jpg.rf.1f8696aab16ef6b46e16250e76ed93cc.jpg,0,0,0,0,0,0,true_negative
Img_127_jpg.rf.a79eb24194632a0b4dc4346b60e48d73.jpg,0,0,0,0,0,0,true_negative
Img_128_jpg.rf.5d30392e8ff77251d9516e100b336ca5.jpg,0,0,0,0,0,0,true_negative
Img_129_jpg.rf.699a13372df551d48bcd354cf0f620ce.jpg,0,0,0,0,0,0,true_negative
Img_131_jpg.rf.1cde82e1028eac58e2df515e5a1e041b.jpg,0,0,0,0,0,0,true_negative
Img_132_jpg.rf.621b99a84f49d6093ebabf0d79f1d3fe.jpg,0,0,0,0,0,0,true_negative
Img_132_jpg.rf.b7e9cec8b4ebf9850f5963cd3964eb2c.jpg,0,0,0,0,0,0,true_negative
Img_134_jpg.rf.4d45ced339c66fdee988ff5f85bc6591.jpg,0,0,0,0,0,0,true_negative
Img_135_jpg.rf.0b301e06cad0b31a04dc995fe5e0a974.jpg,0,0,0,0,0,0,true_negative
Img_136_jpg.rf.27afae552da8c0d86c795e7dd79fe191.jpg,0,0,0,0,0,0,true_negative
Img_136_jpg.rf.60f4addb1a687c5a4f9bfc37bf2ba8cc.jpg,0,0,0,0,0,0,true_negative
Img_137_jpg.rf.6bc5ee671187993ffadd40058327549f.jpg,0,0,0,0,0,0,true_negative
Img_138_jpg.rf.dfbe37ba0ecb1784d6a0b2ac96fcafca.jpg,0,0,0,0,0,0,true_negative
Img_1621_jpg.rf.e7dc19c404ec20361b9f71c084a03622.jpg,0,0,0,0,0,0,true_negative
Img_1622_jpg.rf.6ed335b6f15804666c44bcae29abba7c.jpg,0,0,0,0,0,0,true_negative
Img_1622_jpg.rf.ecc93943afd6f7dc1993b56c2d938086.jpg,0,0,0,0,0,0,true_negative
Img_1668_jpg.rf.21b09bd53836fb8b7758c07cba4b260a.jpg,0,0,0,0,0,0,true_negative
Img_1672_jpg.rf.a250462dca898dee3cc317979e97d0ba.jpg,0,0,0,0,0,0,true_negative
Img_1712_jpg.rf.b4f538289cecbc241352047c1f0d599a.jpg,0,0,0,0,0,0,true_negative
Img_1712_jpg.rf.fff47d450322d4139e3b1fe694d84336.jpg,0,0,0,0,0,0,true_negative
Img_1713_jpg.rf.c6227abd9ed56cb2420050c16e84c04f.jpg,0,0,0,0,0,0,true_negative
Img_1934_jpg.rf.37b94233a9eb8d3a6fb5c285a19168f7.jpg,0,0,0,0,0,0,true_negative
Img_2125_jpg.rf.772a1f665fe8d1d1767da2b81bfa60f8.jpg,0,0,0,0,0,0,true_negative
Img_25_jpg.rf.acd5157e122f38cef3ed155a9a99dd1a.jpg,0,0,0,0,0,0,true_negative
Img_25_jpg.rf.ebca34593e6211b2c462a311802acba1.jpg,0,0,0,0,0,0,true_negative
Img_26_jpg.rf.10a9afd8642a46777bb42177ef8dcbda.jpg,0,0,0,0,0,0,true_negative
Img_26_jpg.rf.e35eaa3433a6191834fb54756526aea2.jpg,0,0,0,0,0,0,true_negative
Img_270_jpg.rf.9d84fc3ac0fe323adc534846130c98f0.jpg,0,0,0,0,0,0,true_negative
Img_271_jpg.rf.2858cb03d238482c9d02e600426156da.jpg,0,0,0,0,0,0,true_negative
Img_271_jpg.rf.5620b90d574a096c63f008d3c88fe026.jpg,0,0,0,0,0,0,true_negative
Img_271_jpg.rf.ac2371d6a651be1193f72e444dc6e72c.jpg,0,0,0,0,0,0,true_negative
Img_272_jpg.rf.5cb87299b7df0a0be1b18f673a7765b6.jpg,0,0,0,0,0,0,true_negative
Img_272_jpg.rf.f82dcd975625f4868b37b62eb49c75c9.jpg,0,0,0,0,0,0,true_negative
Img_273_jpg.rf.43a88a84856b77fce7a74758f5170e9b.jpg,0,0,0,0,0,0,true_negative
Img_273_jpg.rf.a732ba8a7d650c568a35bd97d0de8c17.jpg,0,0,0,0,0,0,true_negative
Img_28_jpg.rf.034132575f304fcb3eb223e6d72c3939.jpg,0,0,0,0,0,0,true_negative
Img_28_jpg.rf.719dec01edf93df123d333f3d3e4b225.jpg,0,0,0,0,0,0,true_negative
Img_28_jpg.rf.ed23aa1fd5d7781d993b4bbcaac812c3.jpg,0,0,0,0,0,0,true_negative
Img_29_jpg.rf.e5aca87ded9dee6889000e70d325897b.jpg,0,0,0,0,0,0,true_negative
Img_29_jpg.rf.fc17afff30fd07db2eaf1d28281567b3.jpg,0,0,0,0,0,0,true_negative
Img_30_jpg.rf.91878a41452bd2c6c9172b4cae7c11ec.jpg,0,0,0,0,0,0,true_negative
Img_30_jpg.rf.e83a7828ba5fc3b08a4cacdb2ab296c5.jpg,0,0,0,0,0,0,true_negative
Img_31_jpg.rf.19f27677f50a73344c6ee1e4ddddb015.jpg,0,0,0,0,0,0,true_negative
Img_32_jpg.rf.3f80430f2a7fe19d82313d2bcb224796.jpg,0,0,0,0,0,0,true_negative
Img_33_jpg.rf.8ac6cff278fb471784b2b18647d46c9c.jpg,0,0,0,0,0,0,true_negative
Img_33_jpg.rf.f1f61dc552b23e458739b4fa009a722a.jpg,0,0,0,0,0,0,true_negative
Img_34_jpg.rf.308c9f05a796a487a2e28a3705831cc5.jpg,0,0,0,0,0,0,true_negative
Img_35_jpg.rf.99efd6395e16f4f9750973dbf05622d5.jpg,0,0,0,0,0,0,true_negative
Img_35_jpg.rf.a3e2e8964f24657a26c0744ad66cfed9.jpg,0,0,0,0,0,0,true_negative
Img_35_jpg.rf.acfb3e2f3706bd14c239ca602165a970.jpg,0,0,0,0,0,0,true_negative
Img_36_jpg.rf.56d3da552c73c262b3efbf5c145e4a20.jpg,0,0,0,0,0,0,true_negative
Img_36_jpg.rf.b0a0ad1c35af341eea891cb5f6b59efb.jpg,0,0,0,0,0,0,true_negative
Img_37_jpg.rf.e02e43ab37b91e17c163d1ce9bb5d09a.jpg,0,0,0,0,0,0,true_negative
Img_381_jpg.rf.25cb379b4f4ee64e2d1e6ec74c54bde1.jpg,0,0,0,0,0,0,true_negative
Img_381_jpg.rf.e2b8ae3616aac64ebea106f934cf61be.jpg,0,0,0,0,0,0,true_negative
Img_38_jpg.rf.4b8c740976660f5804690316b47b46b2.jpg,0,0,0,0,0,0,true_negative
Img_38_jpg.rf.b07c6b1c418053c76cf119c4d4fcfd1f.jpg,0,0,0,0,0,0,true_negative
Img_39_jpg.rf.0b4d8192bac2efcf56ac9fca8e4792bc.jpg,0,0,0,0,0,0,true_negative
Img_39_jpg.rf.42845bbd715f788fa2c6be6afc14d445.jpg,0,0,0,0,0,0,true_negative
Img_39_jpg.rf.b02abd30faab8600648b8c987b61a56e.jpg,0,0,0,0,0,0,true_negative
Img_40_jpg.rf.2c5649c79062c77d7f89a5cd41b8fb4b.jpg,0,0,0,0,0,0,true_negative
Img_41_jpg.rf.7c9e2ea24bbfe9f2331e3d10dec56ddb.jpg,0,0,0,0,0,0,true_negative
Img_41_jpg.rf.917a623e65982d6a4fabc3700ebc5397.jpg,0,0,0,0,0,0,true_negative
Img_43_jpg.rf.710adc9a52c271e154a3e8084f8d4877.jpg,0,0,0,0,0,0,true_negative
Img_44_jpg.rf.8ac1937e485c90e0da78be05bdd0f6cd.jpg,0,0,0,0,0,0,true_negative
Img_44_jpg.rf.ef942e90bb0ca2be72d78e0a8b1a37ff.jpg,0,0,0,0,0,0,true_negative
Img_45_jpg.rf.8eb1715aa0ab0ecb03dea6f8a50cf2f9.jpg,0,0,0,0,0,0,true_negative
Img_45_jpg.rf.ec95bec7f8b74d8cc22ab2c56fe6bb66.jpg,0,0,0,0,0,0,true_negative
Img_46_jpg.rf.04ff88908f83a471a32ebe0b77b825e1.jpg,0,0,0,0,0,0,true_negative
Img_46_jpg.rf.f0681d9fb906317214459fd376574183.jpg,0,0,0,0,0,0,true_negative
Img_47_jpg.rf.1651151b4d5ba22c5dd36b9623b7ecbe.jpg,0,0,0,0,0,0,true_negative
Img_47_jpg.rf.b3c93e68c913268fb0383a739a0aac25.jpg,0,0,0,0,0,0,true_negative
Img_486_jpg.rf.c5345df432b1001e88a34473448c554c.jpg,0,0,0,0,0,0,true_negative
Img_48_jpg.rf.7e7ae60e7bdeec18f2345aaed286ad52.jpg,0,0,0,0,0,0,true_negative
Img_49_jpg.rf.738c427b323c8ed74512c047cc61ff1c.jpg,0,0,0,0,0,0,true_negative
Img_49_jpg.rf.e7430648f0760ba1adfa1a296aac41f0.jpg,0,0,0,0,0,0,true_negative
Img_50_jpg.rf.e9b4d0568056c34c473b273375c4886b.jpg,0,0,0,0,0,0,true_negative
Img_516_jpg.rf.0f1a8aa5cb359462e82528c65fc6afa5.jpg,0,0,0,0,0,0,true_negative
Img_516_jpg.rf.2e821fc76bc45e1aa4b37a35baf95b7b.jpg,0,0,0,0,0,0,true_negative
Img_51_jpg.rf.1f2412d1d10becf7c40717b168527106.jpg,0,0,0,0,0,0,true_negative
Img_52_jpg.rf.4c4b698b9d278c159b74afa9fea6b41a.jpg,0,0,0,0,0,0,true_negative
Img_52_jpg.rf.ecfdac3631ada91963940012175e1ac3.jpg,0,0,0,0,0,0,true_negative
Img_530_jpg.rf.0972ce96845a2cf0b19f91a9c69bae06.jpg,0,0,0,0,0,0,true_negative
Img_530_jpg.rf.9166a562f712a3fa44ddc9f0a1f93330.jpg,0,0,0,0,0,0,true_negative
Img_537_jpg.rf.c582c32726e3d6ca17b2168c4168389a.jpg,0,0,0,0,0,0,true_negative
Img_537_jpg.rf.cf4a3cfebecfeb54dd1e2113746c5d24.jpg,0,0,0,0,0,0,true_negative
Img_53_jpg.rf.29d3d9c36eeb8c31ad28c094a2c48e07.jpg,0,0,0,0,0,0,true_negative
Img_54_jpg.rf.9420e87535496288052edf188f9a2614.jpg,0,0,0,0,0,0,true_negative
Img_559_jpg.rf.020b3de2ef4866acf3e16e6d6d04894d.jpg,0,0,0,0,0,0,true_negative
Img_55_jpg.rf.08c2c4e091d8eed78e592debea83ca3c.jpg,0,0,0,0,0,0,true_negative
Img_55_jpg.rf.4816594c55a198bfc41e16c9b45ce2fd.jpg,0,0,0,0,0,0,true_negative
Img_567_jpg.rf.4422e27aee6606b4c22670a2a4e6cf99.jpg,0,0,0,0,0,0,true_negative
Img_56_jpg.rf.29d09269d56bd15bcf6f60357ef0b63b.jpg,0,0,0,0,0,0,true_negative
Img_570_jpg.rf.180762aef0c3ce33607da980e0612ec3.jpg,0,0,0,0,0,0,true_negative
Img_570_jpg.rf.40d53ccd165f3feb473dd6f45b6639e6.jpg,0,0,0,0,0,0,true_negative
Img_576_jpg.rf.1f99130bf9a2d7d2ad0f572bb8cf7c6b.jpg,0,0,0,0,0,0,true_negative
Img_57_jpg.rf.5913fe56fe254e6cd1cc1b8e84b275bd.jpg,0,0,0,0,0,0,true_negative
Img_57_jpg.rf.708cd73caa4145c9d689cb0cf69ccfbc.jpg,0,0,0,0,0,0,true_negative
Img_58_jpg.rf.0b3b3d7f6fc8d66f0005dc8739b4c359.jpg,0,0,0,0,0,0,true_negative
Img_58_jpg.rf.3c9974a5d8b003068cf21098e6fc8669.jpg,0,0,0,0,0,0,true_negative
Img_59_jpg.rf.0f61415e811cbbbc8f8aef6e5a49d594.jpg,0,0,0,0,0,0,true_negative
Img_59_jpg.rf.e0650711b2bd2b0da03ca75415970038.jpg,0,0,0,0,0,0,true_negative
Img_5_jpg.rf.40406946d1d86d8c9050b06e175a93e3.jpg,0,0,0,0,0,0,true_negative
Img_61_jpg.rf.86af67ced0b1ee0550d691bffb7f2f55.jpg,0,0,0,0,0,0,true_negative
Img_62_jpg.rf.3b3a121c1ebdf3d014f5a9343b57a7c7.jpg,0,0,0,0,0,0,true_negative
Img_63_jpg.rf.16038a0cfdc3ad6c76b99dfb5029b21e.jpg,0,0,0,0,0,0,true_negative
Img_63_jpg.rf.77f2b0e765205b784b4527a89e71c4f4.jpg,0,0,0,0,0,0,true_negative
Img_63_jpg.rf.c37a564c11096dc0aec101f83447cf9a.jpg,0,0,0,0,0,0,true_negative
Img_64_jpg.rf.378a8532359fc3c656d9ba40edc24e4c.jpg,0,0,0,0,0,0,true_negative
Img_65_jpg.rf.94f4c0bc5cecddf87aab01ccb5beeffb.jpg,0,0,0,0,0,0,true_negative
Img_67_jpg.rf.0a4a7b9dd390ba54f87412ca25c8b800.jpg,0,0,0,0,0,0,true_negative
Img_67_jpg.rf.82b8ef8f5669ac3eb4cedf0df2626f41.jpg,0,0,0,0,0,0,true_negative
Img_68_jpg.rf.26405fd353d004b904b34f8fd58a9271.jpg,0,0,0,0,0,0,true_negative
Img_68_jpg.rf.cee5652e5314e86d5707ad49d1078935.jpg,0,0,0,0,0,0,true_negative
Img_69_jpg.rf.08ced88d9e41354af1e3045a7ac95405.jpg,0,0,0,0,0,0,true_negative
Img_69_jpg.rf.61244a6e0b52fb015e13989c049dcc9b.jpg,0,0,0,0,0,0,true_negative
Img_69_jpg.rf.949de09c463f93372764a78902ec5a98.jpg,0,0,0,0,0,0,true_negative
Img_70_jpg.rf.9fd7bb6a19616791d6e5c3571e08b77d.jpg,0,0,0,0,0,0,true_negative
Img_71_jpg.rf.57e95706d43315d72dad5b7918bb7c83.jpg,0,0,0,0,0,0,true_negative
Img_71_jpg.rf.e2113d6294a724c233fbba75b0503940.jpg,0,0,0,0,0,0,true_negative
Img_72_jpg.rf.b40c9c3aa9b61b7058767be7dc53e4e3.jpg,0,0,0,0,0,0,true_negative
Img_73_jpg.rf.0bb3bdde18f7c2bdb145e483811a0122.jpg,0,0,0,0,0,0,true_negative
Img_73_jpg.rf.19accf6ea414493f32f5b9b9e062fa46.jpg,0,0,0,0,0,0,true_negative
Img_74_jpg.rf.c9ee9603539cf64778690fb54b8db42b.jpg,0,0,0,0,0,0,true_negative
Img_74_jpg.rf.ece9a5e2efca0622ce141fcda8163a82.jpg,0,0,0,0,0,0,true_negative
Img_77_jpg.rf.59db877f86006fd060de511a437ed804.jpg,0,0,0,0,0,0,true_negative
Img_77_jpg.rf.6df8a94838346ceb98706909e07b44db.jpg,0,0,0,0,0,0,true_negative
Img_78_jpg.rf.2b9531e63257f40436774f3c71a842c1.jpg,0,0,0,0,0,0,true_negative
Img_79_jpg.rf.6abadbc3fd493884e3e67e71f188c252.jpg,0,0,0,0,0,0,true_negative
Img_7_jpg.rf.108e4e628b68ce29bd581f49c45e8cae.jpg,0,0,0,0,0,0,true_negative
Img_81_jpg.rf.26a0850d6eae6f52002fced9ebcaae2b.jpg,0,0,0,0,0,0,true_negative
Img_82_jpg.rf.89487b6d965595491ad2e64976da8165.jpg,0,0,0,0,0,0,true_negative
Img_82_jpg.rf.fe7975880d29459e9e912cf0791717bc.jpg,0,0,0,0,0,0,true_negative
Img_83_jpg.rf.3c35287dbe6445ac2c1899c32aecd332.jpg,0,0,0,0,0,0,true_negative
Img_83_jpg.rf.ecbd7e6cdf374e3ecd1fa4bbbbba5ae8.jpg,0,0,0,0,0,0,true_negative
Img_85_jpg.rf.b91a1bd0f8eb9215ab2ec865c0a31d60.jpg,0,0,0,0,0,0,true_negative
Img_86_jpg.rf.309a6cf7951e61ad868a90c0bb05ab18.jpg,0,0,0,0,0,0,true_negative
Img_86_jpg.rf.fb1448a517fe081f1e69d5f3aef4148a.jpg,0,0,0,0,0,0,true_negative
Img_87_jpg.rf.3f4a60f9eaab201d8634d88c8f3da0fa.jpg,0,0,0,0,0,0,true_negative
Img_87_jpg.rf.5743d0f945385d2897e2cfda3a93da69.jpg,0,0,0,0,0,0,true_negative
Img_88_jpg.rf.d62f13deac234e174d9b75dd97d08287.jpg,0,0,0,0,0,0,true_negative
Img_89_jpg.rf.85d9a784c91b8c5654e3e4d5f8a4f844.jpg,0,0,0,0,0,0,true_negative
Img_8_jpg.rf.079c4a3d2014b10c1dea339a27c8519f.jpg,0,0,0,0,0,0,true_negative
Img_8_jpg.rf.75b43684eb35403854f5f0212ef08dd6.jpg,0,0,0,0,0,0,true_negative
Img_90_jpg.rf.12d634835d1f4489f4f9bf91c47e5832.jpg,0,0,0,0,0,0,true_negative
Img_91_jpg.rf.8d164155ded0405e50cc117b03ad2dea.jpg,0,0,0,0,0,0,true_negative
Img_91_jpg.rf.d8b9282ccd4f8ae663310374f2796226.jpg,0,0,0,0,0,0,true_negative
Img_92_jpg.rf.0eb3bd5131d446ca9153e6d50254bb4f.jpg,0,0,0,0,0,0,true_negative
Img_92_jpg.rf.135eadfc2ce58db16130a09f46a23aa5.jpg,0,0,0,0,0,0,true_negative
Img_93_jpg.rf.35a3af70ed7ec8b53b7d7b6cf2d4c214.jpg,0,0,0,0,0,0,true_negative
Img_93_jpg.rf.97089c526eaeb9f24067dbd931c65693.jpg,0,0,0,0,0,0,true_negative
Img_95_jpg.rf.84a637981967bfef2b3abf760f6b31df.jpg,0,0,0,0,0,0,true_negative
Img_95_jpg.rf.8b51ee3be9818d0003545544e86f2a60.jpg,0,0,0,0,0,0,true_negative
Img_96_jpg.rf.3ac30b312c6d40c9cd892489b16e061e.jpg,0,0,0,0,0,0,true_negative
Img_98_jpg.rf.6e1b1fad08fc92a79757f16867296881.jpg,0,0,0,0,0,0,true_negative
Img_98_jpg.rf.a9eb464c651e9ddd6d8dc6c47bc76f4d.jpg,0,0,0,0,0,0,true_negative
Img_99_jpg.rf.f3fe20a3cdd38576bb1a7c51d79d18d0.jpg,0,0,0,0,0,0,true_negative
MirrorWEBFire057_jpg.rf.9ef40db46e7656e4226091dd649859da.jpg,3,4,3,1,0,0,false_positive
MirrorWEBFire1048_jpg.rf.c057928099a1810734e7abf9dc78a355.jpg,6,1,0,0,5,1,localization
MirrorWEBFire1048_jpg.rf.e301853d47207cde160a780b828cd50f.jpg,6,1,0,0,5,1,localization
MirrorWEBFire1066_jpg.rf.c179104897dbe6602cfbccbc45c84e04.jpg,3,3,2,1,1,0,mixed_error
MirrorWEBFire1143_jpg.rf.2f2db456b9774851f0a93560b50794b8.jpg,2,1,1,0,1,0,false_negative
MirrorWEBFire1202_jpg.rf.46d0b2badc0fefaa3587001b3d407db3.jpg,1,1,1,0,0,0,true_positive
MirrorWEBFire1202_jpg.rf.5a70fba62999cb712b0e92fb29f6c970.jpg,1,1,1,0,0,0,true_positive
MirrorWEBFire1259_jpg.rf.18f567c4e9304ad66f5bdf85ced2233e.jpg,2,0,0,0,2,0,false_negative
MirrorWEBFire1259_jpg.rf.941f5b0a4fbb912f876fb9223f8153af.jpg,2,1,0,0,1,1,localization
MirrorWEBFire1385_jpg.rf.a97614e3cd709de5728265519f763bb6.jpg,2,1,0,0,1,1,localization
MirrorWEBFire1417_jpg.rf.3865198d9c828811285485890b495e51.jpg,1,2,0,1,0,1,localization
MirrorWEBFire148_jpg.rf.ab329f5a2bdc76634c6abd953a119eda.jpg,3,2,1,0,1,1,localization
MirrorWEBFire1497_jpg.rf.dd88d618cdd23e40b2b30be6806ed395.jpg,7,4,3,0,3,1,localization
MirrorWEBFire1532_jpg.rf.50d9232f2df6ab990d1f655add061d94.jpg,3,3,3,0,0,0,true_positive
MirrorWEBFire1532_jpg.rf.5e445542fe4f03dcef5fd8770fd10dc0.jpg,3,1,1,0,2,0,false_negative
MirrorWEBFire1545_jpg.rf.7f23d55509d0e27e39bdb2714c543902.jpg,2,1,1,0,1,0,false_negative
MirrorWEBFire1553_jpg.rf.6db633d0f5a8893ba048e844ab1739a4.jpg,1,1,1,0,0,0,true_positive
MirrorWEBFire1584_jpg.rf.7e701876dcb74a028a9644dc953b2d33.jpg,5,5,3,1,1,1,localization
MirrorWEBFire1668_jpg.rf.45d10d2883efcacbabbca7624fcd6cf3.jpg,3,2,2,0,1,0,false_negative
MirrorWEBFire1736_jpg.rf.2ae770084b951c4706ce9e080cceec79.jpg,1,1,1,0,0,0,true_positive
MirrorWEBFire1987_jpg.rf.ec85ccd94e6d9b364690ccc4eb16859a.jpg,3,3,1,1,1,1,localization
MirrorWEBFire2052_jpg.rf.d271ad9fe94e84aea7c90110536dce80.jpg,6,2,1,0,4,1,localization
MirrorWEBFire2053_jpg.rf.d5aaac0836c58fa65c868f83b6af1869.jpg,2,1,1,0,1,0,false_negative
MirrorWEBFire2132_jpg.rf.2d2f372ed60a305a719cfcd2585861a7.jpg,4,3,1,1,2,1,localization
MirrorWEBFire2144_jpg.rf.30c0040309b6f2ff142d51a849d4f032.jpg,1,2,1,1,0,0,false_positive
MirrorWEBFire397_jpg.rf.55a145c0f876ec971daacc783dadca8e.jpg,5,2,1,1,4,0,mixed_error
MirrorWEBFire397_jpg.rf.c59306284ffb1c9e132c7a1e037b1ea1.jpg,5,6,4,2,1,0,mixed_error
MirrorWEBSmoke2269_jpg.rf.3fa392b3c6b3c8a116696863d0b7e90e.jpg,3,1,1,0,2,0,false_negative
MirrorWEBSmoke2277_jpg.rf.756b0a92fbde0dacc2d6d2c7ab701c45.jpg,2,4,0,3,1,1,localization
MirrorWEBSmoke2286_jpg.rf.8d481ef294648bc8671e8d3bdb897892.jpg,2,1,1,0,1,0,false_negative
MirrorWEBSmoke2291_jpg.rf.6407dd797d389d04d8c97bf3ca147cbb.jpg,2,3,2,1,0,0,false_positive
MirrorWEBSmoke2357_jpg.rf.81d839a292aa90e0bbb65cfc7a5e5714.jpg,5,3,2,0,2,1,localization
MirrorWEBSmoke2367_jpg.rf.70dbb7aa9352b216248fb4f13f4c63d5.jpg,11,3,2,1,9,0,mixed_error
MirrorWEBSmoke2374_jpg.rf.29d93c555115d6b01d452a4b1f5c7b69.jpg,6,5,2,2,3,1,localization
MirrorWEBSmoke2380_jpg.rf.8a8d3acc5772fce4edc5cba4b7813257.jpg,2,2,2,0,0,0,true_positive
MirrorWEBSmoke2847_jpg.rf.e0c50ddf85f39f5113a735868f3c029c.jpg,6,3,2,0,3,1,localization
MirrorWEBSmoke296_jpg.rf.b1bed89471e9ea980bc75c89c9df2ab6.jpg,1,2,0,1,0,1,localization
MirrorWEBSmoke3087_jpg.rf.907e09c5cb79d9f2f143ae551567444f.jpg,4,2,1,0,2,1,localization
MirrorWEBSmoke804_jpg.rf.59fc83407d69676ddb1f97eaa30140bc.jpg,3,3,1,1,1,1,localization
new_fire_6_jpg.rf.9a5788179473b5477698743f580f4889.jpg,2,3,2,1,0,0,false_positive
new_fire_fire-439_png_jpg.rf.0ef46f96d2cdf70c9956f01e6ef0c273.jpg,3,3,1,0,0,2,localization
new_fire_fire-439_png_jpg.rf.1640082dcd22bc6c4264e8acb38d8d64.jpg,3,3,1,1,1,1,localization
new_fire_fire-469_png_jpg.rf.08e83506917bfea14f62c4e1186bba76.jpg,1,1,1,0,0,0,true_positive
new_fire_fire-496_png_jpg.rf.2d01fe0916eeb259c3852ba9e89962b4.jpg,1,1,1,0,0,0,true_positive
new_fire_fire-496_png_jpg.rf.d1092c80cfc16c91334933b9e00ff1a8.jpg,1,1,1,0,0,0,true_positive
new_fire_fire-502_png_jpg.rf.341ae406a137a16543976b5cc2692b11.jpg,1,2,1,1,0,0,false_positive
new_fire_fire-510_png_jpg.rf.e0e4abc8d8e6f3527843d60f2d181a01.jpg,2,0,0,0,2,0,false_negative
new_fire_fire-542_png_jpg.rf.e086373b5fee4129d6565509604f68c6.jpg,1,8,0,7,0,1,localization
new_fire_fire-640_png_jpg.rf.60d1ce81bb26dd3a1fd71d2f503f10c2.jpg,1,1,1,0,0,0,true_positive
new_fire_fire-698_png_jpg.rf.58d6a6c08072c1f5ca041219823fc2ff.jpg,2,3,1,1,0,1,localization
new_fire_fire-742_png_jpg.rf.9c865660328c38a66961556b19c04bab.jpg,1,1,1,0,0,0,true_positive
new_fire_fire-742_png_jpg.rf.bf627b664255ef610da885f0cd8bd04b.jpg,1,1,1,0,0,0,true_positive
new_fire_fire-7_png_jpg.rf.4a6349eae8ddddda2a1c2b481a86301c.jpg,10,1,0,0,9,1,localization
NoiseWEBFire057_jpg.rf.89a8d655d59212735c96537d5fd76fc9.jpg,4,2,2,0,2,0,false_negative
NoiseWEBFire1048_jpg.rf.9ca7b3d43a9c71bfe6933f81ccfcff40.jpg,5,1,0,0,4,1,localization
NoiseWEBFire1053_jpg.rf.bec7984011856d67ef201f1b293ff279.jpg,9,4,2,2,7,0,mixed_error
NoiseWEBFire1077_jpg.rf.94d6cd965e8ed6f0fa6bbf51f88e00a3.jpg,8,5,5,0,3,0,false_negative
NoiseWEBFire1091_jpg.rf.980d4c871cb2aef1d46f3ce59022df92.jpg,2,3,2,1,0,0,false_positive
NoiseWEBFire1096_jpg.rf.cdc2c61a10d32496296454f3d31a8c26.jpg,1,1,1,0,0,0,true_positive
NoiseWEBFire1143_jpg.rf.eaf69ef54866e477498ce941d4091dfc.jpg,1,1,1,0,0,0,true_positive
NoiseWEBFire1363_jpg.rf.855e956a69f9fa2839531ed729940778.jpg,5,4,1,1,2,2,localization
NoiseWEBFire1363_jpg.rf.e2db2ef5e8c242c5425ef037a4a0ccd2.jpg,5,1,0,0,4,1,localization
NoiseWEBFire1385_jpg.rf.e886efb2cb33689f0ef269ef497a53c9.jpg,2,1,0,0,1,1,localization
NoiseWEBFire148_jpg.rf.34aeccbdca78246ea0bee0fcaabc35ca.jpg,2,1,1,0,1,0,false_negative
NoiseWEBFire2053_jpg.rf.b940993d7ed9d31088793a4d6657ea4e.jpg,1,1,1,0,0,0,true_positive
NoiseWEBSmoke1203_jpg.rf.1d5792645a5f7fbca542e4bb08f4ed97.jpg,8,1,1,0,7,0,false_negative
NoiseWEBSmoke2944_jpg.rf.46969405c0cfadc5a25c83c8c5a6508f.jpg,3,3,2,0,0,1,localization
NoiseWEBSmoke3087_jpg.rf.d736b1901daad3ab44210f23419b818d.jpg,4,3,3,0,1,0,false_negative
NoiseWEBSmoke409_jpg.rf.75c1e2efd94d2ed6049e1d68e5d97a91.jpg,1,2,0,1,0,1,localization
WEBFire057_jpg.rf.c1fd3e21ffa62fdaa692e19ca7932d5d.jpg,4,3,2,1,2,0,mixed_error
WEBFire1051_jpg.rf.ce7c62baf2f3d1399ce9cbbcb2870cca.jpg,3,2,2,0,1,0,false_negative
WEBFire1066_jpg.rf.2d1b76c1b7b113d7112f3f130134bba3.jpg,3,3,2,1,1,0,mixed_error
WEBFire1077_jpg.rf.440264382b862c7ca7b009c5a6fe6fe6.jpg,9,5,5,0,4,0,false_negative
WEBFire1091_jpg.rf.11e8b8e2ac91e57246cfda005c65c32a.jpg,2,3,2,1,0,0,false_positive
WEBFire1096_jpg.rf.c234c1864e4055b78c657e1c9efa1bd8.jpg,1,1,1,0,0,0,true_positive
WEBFire1259_jpg.rf.59e0714ce24838cdf5c6bcf9e964485d.jpg,2,1,0,0,1,1,localization
WEBFire1345_jpg.rf.2d2efb451f2bde60bd4a969379da751e.jpg,3,2,1,0,1,1,localization
WEBFire1345_jpg.rf.a4fed3263a3a8abcb89c4ff841b5c1c6.jpg,3,1,0,0,2,1,localization
WEBFire1360_jpg.rf.7b069774a11e186374b76081ab28c305.jpg,4,4,3,1,1,0,mixed_error
WEBFire1417_jpg.rf.dd13ecfde1bdeb36977faafd5df8376a.jpg,1,3,0,2,0,1,localization
WEBFire1442_jpg.rf.2494d15fe217be85eca6176ff6039fd3.jpg,2,1,1,0,1,0,false_negative
WEBFire1530_jpg.rf.0a66150cd0c0bbaad80eb4872ea0e85b.jpg,1,1,1,0,0,0,true_positive
WEBFire1532_jpg.rf.e788619dc352594d07b144e9a2f9d6b1.jpg,3,3,3,0,0,0,true_positive
WEBFire1545_jpg.rf.c8b3e71084c0792059fdce5fdddec022.jpg,2,1,1,0,1,0,false_negative
WEBFire1553_jpg.rf.5faf48bd98bb69df8eb77fa5170dea12.jpg,1,1,1,0,0,0,true_positive
WEBFire1584_jpg.rf.5b115a711a39b1e9b98ee33eb6d1af27.jpg,4,5,4,1,0,0,false_positive
WEBFire1584_jpg.rf.cae79eac1a8c33c802e5837182102597.jpg,4,2,0,0,2,2,localization
WEBFire1716_jpg.rf.d0f9c195f129d33e4c51f0c6e21096a2.jpg,1,1,1,0,0,0,true_positive
WEBFire1736_jpg.rf.c046062e578f9ec114e6831233df7656.jpg,1,1,1,0,0,0,true_positive
WEBFire1883_jpg.rf.b409c547c6c1ba14919f6f64f367c40b.jpg,2,2,2,0,0,0,true_positive
WEBFire2053_jpg.rf.01bb14f8e719a6ed16d392a33425b967.jpg,1,2,1,1,0,0,false_positive
WEBFire2053_jpg.rf.19c452e9448650f3f0590447a4c31f28.jpg,1,1,1,0,0,0,true_positive
WEBFire2132_jpg.rf.88b5f33096ec2feecbadfcf1177b4341.jpg,4,3,2,1,2,0,mixed_error
WEBFire253_jpg.rf.ab1033526e25ba608adad6434ba226b6.jpg,7,5,4,1,3,0,mixed_error
WEBFire785_jpg.rf.00e41b91d8a2554f04d9818a857ded9b.jpg,3,1,1,0,2,0,false_negative
WEBFire938_jpg.rf.39bf5717b12ceab22f1c122796233ed3.jpg,6,7,3,2,1,2,localization
WEBFire938_jpg.rf.3a89b76c5d05d4239f47d130423841c0.jpg,6,7,3,2,1,2,localization
WEBSmoke1003_jpg.rf.b1a5e011254a13b820f6c13ac886f154.jpg,7,7,2,4,4,1,localization
WEBSmoke1072_jpg.rf.e808a51a981429e6a681bc17d5d785e7.jpg,4,0,0,0,4,0,false_negative
WEBSmoke1304_jpg.rf.2576b6b65c086e57401c0d4fc6e7dc3f.jpg,14,1,1,0,13,0,false_negative
WEBSmoke2277_jpg.rf.d07c759dc7513127e8a05aca3539b6e3.jpg,4,5,1,2,1,2,localization
WEBSmoke2277_jpg.rf.d982ad7b111e6b3547651df5d7800313.jpg,4,3,0,1,2,2,localization
WEBSmoke2284_jpg.rf.94c54a14f5c9e320a8b78d9901b9ee94.jpg,3,2,2,0,1,0,false_negative
WEBSmoke2286_jpg.rf.15db5a7bd594a8129a1887906f3d72ed.jpg,3,2,1,0,1,1,localization
WEBSmoke2287_jpg.rf.0afa9118589b45b52c46ecaa734e0085.jpg,3,3,3,0,0,0,true_positive
WEBSmoke2289_jpg.rf.55b7db7ddd6c8013ddf0b58252879fe0.jpg,3,3,2,0,0,1,localization
WEBSmoke2290_jpg.rf.976143577933e4b31e5850cd68f9fa99.jpg,3,4,2,1,0,1,localization
WEBSmoke2293_jpg.rf.edad20479e84ffc1736ee7c17ec12861.jpg,3,2,1,0,1,1,localization
WEBSmoke2356_jpg.rf.3807073493b99a89f4c6371eda4d002a.jpg,3,2,1,0,1,1,localization
WEBSmoke2356_jpg.rf.ea7f3bf4713364ddc23a8440d273f08b.jpg,3,2,0,1,2,1,localization
WEBSmoke2357_jpg.rf.46c9101525874776a923ca6ecaba30d9.jpg,3,3,1,1,1,1,localization
WEBSmoke2367_jpg.rf.ee43f531b12e1e26171bf5c7d5671a5d.jpg,10,4,3,1,7,0,mixed_error
WEBSmoke2374_jpg.rf.6998b4d483ea9e646f5662e664097c80.jpg,6,5,2,2,3,1,localization
WEBSmoke2378_jpg.rf.4076e6eb7d3aa863b088eebd6b6970d2.jpg,4,2,2,0,2,0,false_negative
WEBSmoke2380_jpg.rf.2729d6927f4c939ba81d848ca55ff369.jpg,2,2,2,0,0,0,true_positive
WEBSmoke2385_jpg.rf.a64bba5b50856c258c02d2ad61e83f2c.jpg,5,5,2,1,1,2,localization
